{
  "ABIRoot": {
    "kind": "Root",
    "name": "TopLevel",
    "printedName": "TopLevel",
    "children": [
      {
        "kind": "Import",
        "name": "Foundation",
        "printedName": "Foundation",
        "declKind": "Import",
        "moduleName": "ValidatorFramework",
        "declAttributes": [
          "RawDocComment"
        ]
      },
      {
        "kind": "TypeDecl",
        "name": "Validator",
        "printedName": "Validator",
        "children": [
          {
            "kind": "Function",
            "name": "validEmail",
            "printedName": "validEmail(_:)",
            "children": [
              {
                "kind": "TypeNominal",
                "name": "Bool",
                "printedName": "Swift.Bool",
                "usr": "s:Sb"
              },
              {
                "kind": "TypeNominal",
                "name": "String",
                "printedName": "Swift.String",
                "usr": "s:SS"
              }
            ],
            "declKind": "Func",
            "usr": "s:18ValidatorFramework0A0V10validEmailySbSSFZ",
            "mangledName": "$s18ValidatorFramework0A0V10validEmailySbSSFZ",
            "moduleName": "ValidatorFramework",
            "static": true,
            "declAttributes": [
              "AccessControl"
            ],
            "funcSelfKind": "NonMutating"
          },
          {
            "kind": "Function",
            "name": "sayHello",
            "printedName": "sayHello()",
            "children": [
              {
                "kind": "TypeNominal",
                "name": "Void",
                "printedName": "()"
              }
            ],
            "declKind": "Func",
            "usr": "s:18ValidatorFramework0A0V8sayHelloyyFZ",
            "mangledName": "$s18ValidatorFramework0A0V8sayHelloyyFZ",
            "moduleName": "ValidatorFramework",
            "static": true,
            "declAttributes": [
              "AccessControl"
            ],
            "funcSelfKind": "NonMutating"
          }
        ],
        "declKind": "Struct",
        "usr": "s:18ValidatorFramework0A0V",
        "mangledName": "$s18ValidatorFramework0A0V",
        "moduleName": "ValidatorFramework",
        "declAttributes": [
          "AccessControl"
        ]
      }
    ],
    "json_format_version": 8
  },
  "ConstValues": []
}